{"cameraMode":{"drawMode":0,"name":"Shaded","section":"Shading Mode"},"sceneLighting":false,"audioPlay":false,"sceneViewState":{"showFog":true,"showMaterialUpdate":false,"showSkybox":false,"showFlares":true,"showImageEffects":true,"showParticleSystems":true},"in2DMode":false,"pivot":{"x":-0.7400000095367432,"y":1.4050359725952149,"z":-2.0988388061523439},"rotation":{"x":-0.17970021069049836,"y":0.6798879504203796,"z":-0.17745891213417054,"w":-0.6885078549385071},"size":3.0078864097595217,"orthographic":false}