{"cameraMode":{"drawMode":0,"name":"Shaded","section":"Shading Mode"},"sceneLighting":false,"audioPlay":false,"sceneViewState":{"showFog":true,"showMaterialUpdate":false,"showSkybox":false,"showFlares":true,"showImageEffects":true,"showParticleSystems":true},"in2DMode":false,"pivot":{"x":-0.5379241108894348,"y":-0.8932176828384399,"z":-1.4348530769348145},"rotation":{"x":-0.23289771378040315,"y":0.7239593863487244,"z":-0.2902623414993286,"w":-0.5809011459350586},"size":0.6805431842803955,"orthographic":false}