{"cameraMode":{"drawMode":0,"name":"Shaded","section":"Shading Mode"},"sceneLighting":true,"audioPlay":false,"sceneViewState":{"showFog":true,"showMaterialUpdate":false,"showSkybox":true,"showFlares":true,"showImageEffects":true,"showParticleSystems":true},"in2DMode":false,"pivot":{"x":-21.1605167388916,"y":-5.189531326293945,"z":59.77216339111328},"rotation":{"x":-0.1130395457148552,"y":0.20619875192642213,"z":-0.023982422426342965,"w":-0.9717027544975281},"size":47.45036315917969,"orthographic":false}